--Insert Usuarios
INSERT INTO users (id, created_at, email, is_deleted, is_enabled, last_name, name, password, role_id) VALUES
    (2002, '2024-09-10 12:34:56.123456', 'john_doe@example.com', false, true, 'Doe', 'John', '$2a$10$TDonNyTa.DaWqB0/KSVHceh8wv1mvwFqbsNBjXbWMOt.dVltYdvPK', 1),
    (2003, '2024-09-09 14:23:41.234567', 'jane_smith@example.com', false, true, 'Smith', 'Jane', '$2a$10$TDonNyTa.DaWqB0/KSVHceh8wv1mvwFqbsNBjXbWMOt.dVltYdvPK', 1),
    (2004, '2024-09-08 09:15:22.345678', 'robert_jones@example.com', false, true, 'Jones', 'Robert', '$2a$10$TDonNyTa.DaWqB0/KSVHceh8wv1mvwFqbsNBjXbWMOt.dVltYdvPK', 1),
    (2005, '2024-09-07 11:12:45.456789', 'lisa_brown@example.com', false, true, 'Brown', 'Lisa', '$2a$10$TDonNyTa.DaWqB0/KSVHceh8wv1mvwFqbsNBjXbWMOt.dVltYdvPK', 1),
    (2006, '2024-09-06 10:50:30.567891', 'michael_williams@example.com', false, true, 'Williams', 'Michael', '$2a$10$TDonNyTa.DaWqB0/KSVHceh8wv1mvwFqbsNBjXbWMOt.dVltYdvPK', 1),
    (2007, '2024-09-05 13:40:27.678912', 'mary_taylor@example.com', false, true, 'Taylor', 'Mary', '$2a$10$TDonNyTa.DaWqB0/KSVHceh8wv1mvwFqbsNBjXbWMOt.dVltYdvPK', 1),
    (2008, '2024-09-04 09:12:18.789023', 'daniel_white@example.com', false, true, 'White', 'Daniel', '$2a$10$TDonNyTa.DaWqB0/KSVHceh8wv1mvwFqbsNBjXbWMOt.dVltYdvPK', 1),
    (2009, '2024-09-03 10:25:14.890134', 'emily_harris@example.com', false, true, 'Harris', 'Emily', '$2a$10$TDonNyTa.DaWqB0/KSVHceh8wv1mvwFqbsNBjXbWMOt.dVltYdvPK', 1),
    (2010, '2024-09-02 11:30:23.901245', 'james_clark@example.com', false, true, 'Clark', 'James', '$2a$10$TDonNyTa.DaWqB0/KSVHceh8wv1mvwFqbsNBjXbWMOt.dVltYdvPK', 1),
    (2011, '2024-09-01 12:45:34.012356', 'anna_lewis@example.com', false, true, 'Lewis', 'Anna', '$2a$10$TDonNyTa.DaWqB0/KSVHceh8wv1mvwFqbsNBjXbWMOt.dVltYdvPK', 1),
    (2012, '2024-08-31 09:23:41.234567', 'william_hall@example.com', false, true, 'Hall', 'William', '$2a$10$TDonNyTa.DaWqB0/KSVHceh8wv1mvwFqbsNBjXbWMOt.dVltYdvPK', 1),
    (2013, '2024-08-30 11:15:22.345678', 'susan_wright@example.com', false, true, 'Wright', 'Susan', '$2a$10$TDonNyTa.DaWqB0/KSVHceh8wv1mvwFqbsNBjXbWMOt.dVltYdvPK', 1),
    (2014, '2024-08-29 12:34:45.456789', 'george_scott@example.com', false, true, 'Scott', 'George', '$2a$10$TDonNyTa.DaWqB0/KSVHceh8wv1mvwFqbsNBjXbWMOt.dVltYdvPK', 1),
    (2015, '2024-08-28 10:50:30.567891', 'patricia_martin@example.com', false, true, 'Martin', 'Patricia', '$2a$10$TDonNyTa.DaWqB0/KSVHceh8wv1mvwFqbsNBjXbWMOt.dVltYdvPK', 1),
    (2016, '2024-08-27 13:40:27.678912', 'david_moore@example.com', false, true, 'Moore', 'David', '$2a$10$TDonNyTa.DaWqB0/KSVHceh8wv1mvwFqbsNBjXbWMOt.dVltYdvPK', 1),
    (2017, '2024-08-26 09:12:18.789023', 'barbara_king@example.com', false, true, 'King', 'Barbara', '$2a$10$TDonNyTa.DaWqB0/KSVHceh8wv1mvwFqbsNBjXbWMOt.dVltYdvPK', 1),
    (2018, '2024-08-25 10:25:14.890134', 'matthew_lee@example.com', false, true, 'Lee', 'Matthew', '$2a$10$TDonNyTa.DaWqB0/KSVHceh8wv1mvwFqbsNBjXbWMOt.dVltYdvPK', 1),
    (2019, '2024-08-24 11:30:23.901245', 'betty_garcia@example.com', false, true, 'Garcia', 'Betty', '$2a$10$TDonNyTa.DaWqB0/KSVHceh8wv1mvwFqbsNBjXbWMOt.dVltYdvPK', 1),
    (2020, '2024-08-23 12:45:34.012356', 'charles_anderson@example.com', false, true, 'Anderson', 'Charles', '$2a$10$TDonNyTa.DaWqB0/KSVHceh8wv1mvwFqbsNBjXbWMOt.dVltYdvPK', 1),
    (2021, '2024-08-22 09:23:41.234567', 'linda_thomas@example.com', false, true, 'Thomas', 'Linda', '$2a$10$TDonNyTa.DaWqB0/KSVHceh8wv1mvwFqbsNBjXbWMOt.dVltYdvPK', 1),
    (2022, '2024-08-21 11:15:22.345678', 'richard_jackson@example.com', false, true, 'Jackson', 'Richard', '$2a$10$TDonNyTa.DaWqB0/KSVHceh8wv1mvwFqbsNBjXbWMOt.dVltYdvPK', 1),
    (2023, '2024-08-20 12:34:45.456789', 'margaret_taylor@example.com', false, true, 'Taylor', 'Margaret', '$2a$10$TDonNyTa.DaWqB0/KSVHceh8wv1mvwFqbsNBjXbWMOt.dVltYdvPK', 1),
    (2024, '2024-08-19 10:50:30.567891', 'joseph_white@example.com', false, true, 'White', 'Joseph', '$2a$10$TDonNyTa.DaWqB0/KSVHceh8wv1mvwFqbsNBjXbWMOt.dVltYdvPK', 1),
    (2025, '2024-08-18 13:40:27.678912', 'helen_martinez@example.com', false, true, 'Martinez', 'Helen', '$2a$10$TDonNyTa.DaWqB0/KSVHceh8wv1mvwFqbsNBjXbWMOt.dVltYdvPK', 1),
    (2026, '2024-08-17 09:12:18.789023', 'thomas_davis@example.com', false, true, 'Davis', 'Thomas', '$2a$10$TDonNyTa.DaWqB0/KSVHceh8wv1mvwFqbsNBjXbWMOt.dVltYdvPK', 1),
    (2027, '2024-08-16 10:25:14.890134', 'dorothy_rodriguez@example.com', false, true, 'Rodriguez', 'Dorothy', '$2a$10$TDonNyTa.DaWqB0/KSVHceh8wv1mvwFqbsNBjXbWMOt.dVltYdvPK', 1),
    (2028, '2024-08-15 11:30:23.901245', 'edward_martin@example.com', false, true, 'Martin', 'Edward', '$2a$10$TDonNyTa.DaWqB0/KSVHceh8wv1mvwFqbsNBjXbWMOt.dVltYdvPK', 1),
    (2029, '2024-08-14 12:45:34.012356', 'donna_hernandez@example.com', false, true, 'Hernandez', 'Donna', '$2a$10$TDonNyTa.DaWqB0/KSVHceh8wv1mvwFqbsNBjXbWMOt.dVltYdvPK', 1),
    (2030, '2024-08-13 09:23:41.234567', 'frank_moore@example.com', false, true, 'Moore', 'Frank', '$2a$10$TDonNyTa.DaWqB0/KSVHceh8wv1mvwFqbsNBjXbWMOt.dVltYdvPK', 1),
    (2031, '2024-08-12 11:15:22.345678', 'carol_wilson@example.com', false, true, 'Wilson', 'Carol', '$2a$10$TDonNyTa.DaWqB0/KSVHceh8wv1mvwFqbsNBjXbWMOt.dVltYdvPK', 1),
    (2032, '2024-08-11 12:34:45.456789', 'henry_miller@example.com', false, true, 'Miller', 'Henry', '$2a$10$TDonNyTa.DaWqB0/KSVHceh8wv1mvwFqbsNBjXbWMOt.dVltYdvPK', 1),
    (2033, '2024-08-10 10:50:30.567891', 'brenda_martin@example.com', false, true, 'Martin', 'Brenda', '$2a$10$TDonNyTa.DaWqB0/KSVHceh8wv1mvwFqbsNBjXbWMOt.dVltYdvPK', 1),
    (2034, '2024-08-09 13:40:27.678912', 'paul_jones@example.com', false, true, 'Jones', 'Paul', '$2a$10$TDonNyTa.DaWqB0/KSVHceh8wv1mvwFqbsNBjXbWMOt.dVltYdvPK', 1),
    (2035, '2024-08-08 09:12:18.789023', 'janet_walker@example.com', false, true, 'Walker', 'Janet', '$2a$10$TDonNyTa.DaWqB0/KSVHceh8wv1mvwFqbsNBjXbWMOt.dVltYdvPK', 1),
    (2036, '2024-08-07 10:25:14.890134', 'larry_green@example.com', false, true, 'Green', 'Larry', '$2a$10$TDonNyTa.DaWqB0/KSVHceh8wv1mvwFqbsNBjXbWMOt.dVltYdvPK', 1),
    (2037, '2024-08-06 11:30:23.901245', 'marie_thompson@example.com', false, true, 'Thompson', 'Marie', '$2a$10$TDonNyTa.DaWqB0/KSVHceh8wv1mvwFqbsNBjXbWMOt.dVltYdvPK', 1),
    (2038, '2024-08-05 12:45:34.012356', 'kenneth_perez@example.com', false, true, 'Perez', 'Kenneth', '$2a$10$TDonNyTa.DaWqB0/KSVHceh8wv1mvwFqbsNBjXbWMOt.dVltYdvPK', 1),
    (2039, '2024-08-04 09:23:41.234567', 'sandra_roberts@example.com', false, true, 'Roberts', 'Sandra', '$2a$10$TDonNyTa.DaWqB0/KSVHceh8wv1mvwFqbsNBjXbWMOt.dVltYdvPK', 1),
    (2040, '2024-08-03 11:15:22.345678', 'donald_wilson@example.com', false, true, 'Wilson', 'Donald', '$2a$10$TDonNyTa.DaWqB0/KSVHceh8wv1mvwFqbsNBjXbWMOt.dVltYdvPK', 1);


--Insert perfil de usaurio
INSERT INTO user_profiles (id, dni_back_url, dni_front_url, phone, profile_image_url, departamento_id, user_id) VALUES
    (2002, 'https://example.com/dni_back_2.jpg', 'https://example.com/dni_front_2.jpg', '+54 9 11 2345 6789', 'https://randomuser.me/api/portraits/men/1.jpg', 1, 2002),
    (2003, 'https://example.com/dni_back_3.jpg', 'https://example.com/dni_front_3.jpg', '+54 9 11 3456 7890', 'https://randomuser.me/api/portraits/women/2.jpg', 1, 2003),
    (2004, 'https://example.com/dni_back_4.jpg', 'https://example.com/dni_front_4.jpg', '+54 9 11 4567 8901', 'https://randomuser.me/api/portraits/men/3.jpg', 2, 2004),
    (2005, 'https://example.com/dni_back_5.jpg', 'https://example.com/dni_front_5.jpg', '+54 9 11 5678 9012', 'https://randomuser.me/api/portraits/women/4.jpg', 2, 2005),
    (2006, 'https://example.com/dni_back_6.jpg', 'https://example.com/dni_front_6.jpg', '+54 9 11 6789 0123', 'https://randomuser.me/api/portraits/men/5.jpg', 3, 2006),
    (2007, 'https://example.com/dni_back_7.jpg', 'https://example.com/dni_front_7.jpg', '+54 9 11 7890 1234', 'https://randomuser.me/api/portraits/women/6.jpg', 3, 2007),
    (2008, 'https://example.com/dni_back_8.jpg', 'https://example.com/dni_front_8.jpg', '+54 9 11 8901 2345', 'https://randomuser.me/api/portraits/men/7.jpg', 1, 2008),
    (2009, 'https://example.com/dni_back_9.jpg', 'https://example.com/dni_front_9.jpg', '+54 9 11 9012 3456', 'https://randomuser.me/api/portraits/women/8.jpg', 1, 2009),
    (2010, 'https://example.com/dni_back_10.jpg', 'https://example.com/dni_front_10.jpg', '+54 9 11 0123 4567', 'https://randomuser.me/api/portraits/men/9.jpg', 2, 2010),
    (2011, 'https://example.com/dni_back_11.jpg', 'https://example.com/dni_front_11.jpg', '+54 9 11 1234 5678', 'https://randomuser.me/api/portraits/women/10.jpg', 2, 2011),
    (2012, 'https://example.com/dni_back_12.jpg', 'https://example.com/dni_front_12.jpg', '+54 9 11 2345 6789', 'https://randomuser.me/api/portraits/men/11.jpg', 3, 2012),
    (2013, 'https://example.com/dni_back_13.jpg', 'https://example.com/dni_front_13.jpg', '+54 9 11 3456 7890', 'https://randomuser.me/api/portraits/women/12.jpg', 3, 2013),
    (2014, 'https://example.com/dni_back_14.jpg', 'https://example.com/dni_front_14.jpg', '+54 9 11 4567 8901', 'https://randomuser.me/api/portraits/men/13.jpg', 1, 2014),
    (2015, 'https://example.com/dni_back_15.jpg', 'https://example.com/dni_front_15.jpg', '+54 9 11 5678 9012', 'https://randomuser.me/api/portraits/women/14.jpg', 1, 2015),
    (2016, 'https://example.com/dni_back_16.jpg', 'https://example.com/dni_front_16.jpg', '+54 9 11 6789 0123', 'https://randomuser.me/api/portraits/men/15.jpg', 2, 2016),
    (2017, 'https://example.com/dni_back_17.jpg', 'https://example.com/dni_front_17.jpg', '+54 9 11 7890 1234', 'https://randomuser.me/api/portraits/women/16.jpg', 2, 2017),
    (2018, 'https://example.com/dni_back_18.jpg', 'https://example.com/dni_front_18.jpg', '+54 9 11 8901 2345', 'https://randomuser.me/api/portraits/men/17.jpg', 3, 2018),
    (2019, 'https://example.com/dni_back_19.jpg', 'https://example.com/dni_front_19.jpg', '+54 9 11 9012 3456', 'https://randomuser.me/api/portraits/women/18.jpg', 3, 2019),
    (2020, 'https://example.com/dni_back_20.jpg', 'https://example.com/dni_front_20.jpg', '+54 9 11 0123 4567', 'https://randomuser.me/api/portraits/men/19.jpg', 1, 2020),
    (2021, 'https://example.com/dni_back_21.jpg', 'https://example.com/dni_front_21.jpg', '+54 9 11 1234 5678', 'https://randomuser.me/api/portraits/women/20.jpg', 1, 2021),
    (2022, 'https://example.com/dni_back_22.jpg', 'https://example.com/dni_front_22.jpg', '+54 9 11 2345 6789', 'https://randomuser.me/api/portraits/men/21.jpg', 2, 2022),
    (2023, 'https://example.com/dni_back_23.jpg', 'https://example.com/dni_front_23.jpg', '+54 9 11 3456 7890', 'https://randomuser.me/api/portraits/women/22.jpg', 2, 2023),
    (2024, 'https://example.com/dni_back_24.jpg', 'https://example.com/dni_front_24.jpg', '+54 9 11 4567 8901', 'https://randomuser.me/api/portraits/men/23.jpg', 3, 2024),
    (2025, 'https://example.com/dni_back_25.jpg', 'https://example.com/dni_front_25.jpg', '+54 9 11 5678 9012', 'https://randomuser.me/api/portraits/women/24.jpg', 3, 2025),
    (2026, 'https://example.com/dni_back_26.jpg', 'https://example.com/dni_front_26.jpg', '+54 9 11 6789 0123', 'https://randomuser.me/api/portraits/men/25.jpg', 1, 2026),
    (2027, 'https://example.com/dni_back_27.jpg', 'https://example.com/dni_front_27.jpg', '+54 9 11 7890 1234', 'https://randomuser.me/api/portraits/women/26.jpg', 1, 2027),
    (2028, 'https://example.com/dni_back_28.jpg', 'https://example.com/dni_front_28.jpg', '+54 9 11 8901 2345', 'https://randomuser.me/api/portraits/men/27.jpg', 2, 2028),
    (2029, 'https://example.com/dni_back_29.jpg', 'https://example.com/dni_front_29.jpg', '+54 9 11 9012 3456', 'https://randomuser.me/api/portraits/women/28.jpg', 2, 2029),
    (2030, 'https://example.com/dni_back_30.jpg', 'https://example.com/dni_front_30.jpg', '+54 9 11 0123 4567', 'https://randomuser.me/api/portraits/men/29.jpg', 3, 2030),
    (2031, 'https://example.com/dni_back_31.jpg', 'https://example.com/dni_front_31.jpg', '+54 9 11 1234 5678', 'https://randomuser.me/api/portraits/women/30.jpg', 3, 2031),
    (2032, 'https://example.com/dni_back_32.jpg', 'https://example.com/dni_front_32.jpg', '+54 9 11 2345 6789', 'https://randomuser.me/api/portraits/men/31.jpg', 1, 2032),
    (2033, 'https://example.com/dni_back_33.jpg', 'https://example.com/dni_front_33.jpg', '+54 9 11 3456 7890', 'https://randomuser.me/api/portraits/women/32.jpg', 1, 2033),
    (2034, 'https://example.com/dni_back_34.jpg', 'https://example.com/dni_front_34.jpg', '+54 9 11 4567 8901', 'https://randomuser.me/api/portraits/men/33.jpg', 2, 2034),
    (2035, 'https://example.com/dni_back_35.jpg', 'https://example.com/dni_front_35.jpg', '+54 9 11 5678 9012', 'https://randomuser.me/api/portraits/women/34.jpg', 2, 2035),
    (2036, 'https://example.com/dni_back_36.jpg', 'https://example.com/dni_front_36.jpg', '+54 9 11 6789 0123', 'https://randomuser.me/api/portraits/men/35.jpg', 3, 2036),
    (2037, 'https://example.com/dni_back_37.jpg', 'https://example.com/dni_front_37.jpg', '+54 9 11 7890 1234', 'https://randomuser.me/api/portraits/men/37.jpg', 1, 2037),
    (2038, 'https://example.com/dni_back_38.jpg', 'https://example.com/dni_front_38.jpg', '+54 9 11 8901 2345', 'https://randomuser.me/api/portraits/women/38.jpg', 2, 2038),
    (2039, 'https://example.com/dni_back_39.jpg', 'https://example.com/dni_front_39.jpg', '+54 9 11 9012 3456', 'https://randomuser.me/api/portraits/men/39.jpg', 3, 2039),
    (2040, 'https://example.com/dni_back_40.jpg', 'https://example.com/dni_front_40.jpg', '+54 9 11 0123 4567', 'https://randomuser.me/api/portraits/women/40.jpg', 1, 2040);

--Insert Sift
INSERT INTO shift (id, days) VALUES
    (2002, 'MONDAY-TUESDAY-WEDNESDAY'),
    (2003, 'THURSDAY-FRIDAY'),
    (2004, 'SATURDAY-SUNDAY'),
    (2005, 'MONDAY'),
    (2006, 'WEDNESDAY-THURSDAY'),
    (2007, 'FRIDAY-SATURDAY'),
    (2008, 'TUESDAY-WEDNESDAY-THURSDAY'),
    (2009, 'MONDAY-FRIDAY'),
    (2010, 'MONDAY-SATURDAY'),
    (2011, 'TUESDAY-THURSDAY'),
    (2012, 'MONDAY-TUESDAY-WEDNESDAY'),
    (2013, 'THURSDAY-FRIDAY'),
    (2014, 'SATURDAY-SUNDAY'),
    (2015, 'MONDAY'),
    (2016, 'WEDNESDAY-THURSDAY'),
    (2017, 'FRIDAY-SATURDAY'),
    (2018, 'TUESDAY-WEDNESDAY-THURSDAY'),
    (2019, 'MONDAY-FRIDAY'),
    (2020, 'MONDAY-SATURDAY'),
    (2021, 'TUESDAY-THURSDAY'),
    (2022, 'MONDAY-TUESDAY-WEDNESDAY'),
    (2023, 'THURSDAY-FRIDAY'),
    (2024, 'SATURDAY-SUNDAY'),
    (2025, 'MONDAY'),
    (2026, 'WEDNESDAY-THURSDAY'),
    (2027, 'FRIDAY-SATURDAY'),
    (2028, 'TUESDAY-WEDNESDAY-THURSDAY'),
    (2029, 'MONDAY-FRIDAY');


INSERT INTO shift_time_by_shift (id, shift_time, shift_id) VALUES
    (2002, 'DAY', 2002),
    (2003, 'AFTERNOON', 2002),
    (2004, 'NIGHT', 2002),
    (2005, 'DAY', 2003),
    (2006, 'AFTERNOON', 2003),
    (2007, 'NIGHT', 2004),
    (2008, 'DAY', 2005),
    (2009, 'AFTERNOON', 2005),
    (2010, 'AFTERNOON', 2006),
    (2011, 'NIGHT', 2006),
    (2012, 'DAY', 2007),
    (2013, 'NIGHT', 2007),
    (2014, 'DAY', 2008),
    (2015, 'AFTERNOON', 2008),
    (2016, 'AFTERNOON', 2009),
    (2017, 'NIGHT', 2009),
    (2018, 'DAY', 2010),
    (2019, 'NIGHT', 2010),
    (2020, 'DAY', 2011),
    (2021, 'AFTERNOON', 2011),
    (2022, 'NIGHT', 2011),
    (2023, 'DAY', 2012),
    (2024, 'AFTERNOON', 2012),
    (2025, 'NIGHT', 2013),
    (2026, 'DAY', 2014),
    (2027, 'NIGHT', 2014),
    (2028, 'DAY', 2015),
    (2029, 'AFTERNOON', 2015),
    (2030, 'AFTERNOON', 2016),
    (2031, 'NIGHT', 2016),
    (2032, 'DAY', 2017),
    (2033, 'NIGHT', 2017),
    (2034, 'DAY', 2018),
    (2035, 'AFTERNOON', 2018),
    (2036, 'AFTERNOON', 2019),
    (2037, 'NIGHT', 2019),
    (2038, 'DAY', 2020),
    (2039, 'NIGHT', 2020),
    (2040, 'DAY', 2021),
    (2041, 'AFTERNOON', 2021),
    (2042, 'NIGHT', 2021),
    (2043, 'DAY', 2022),
    (2044, 'AFTERNOON', 2022),
    (2045, 'NIGHT', 2023),
    (2046, 'DAY', 2024),
    (2047, 'NIGHT', 2024),
    (2048, 'DAY', 2025),
    (2049, 'AFTERNOON', 2025),
    (2050, 'AFTERNOON', 2026),
    (2051, 'NIGHT', 2026),
    (2052, 'DAY', 2027),
    (2053, 'NIGHT', 2027),
    (2054, 'DAY', 2028),
    (2055, 'AFTERNOON', 2028),
    (2056, 'AFTERNOON', 2029),
    (2057, 'NIGHT', 2029);

--Insert Servicios
INSERT INTO services (id, title, img_url, description, category_id, user_id, rules, shift_id, departamento_id) VALUES
    (2001, 'Reparación de Paredes', 'https://drive.google.com/file/d/109qazncJo4VdQd_Ht1qoQV0WxDNi9z1l/view', 'Ofrezco servicios de reparación de paredes, incluyendo enlucido y pintura. Ideal para reparaciones menores en el hogar.', 1, 2002, 'Requiero servicios de jardinería.',2002,1),
    (2002, 'Lecturas Astrales Personalizadas', 'https://drive.google.com/file/d/1uAXP9vcGnaiq6dmzZ9hKnCTAAYQPSUSh/view', 'Realizo lecturas astrales personalizadas para ayudar a entender mejor los aspectos astrológicos de tu vida.', 2, 2003, 'Requiero clases de cocina ',2003,1),
    (2003, 'Corte y Estilo de Cabello', 'https://drive.google.com/file/d/1J00dU-Vis4uc8bl1lgjp1AOYRlLh5IPQ/view', 'Ofrezco cortes y estilos modernos para todo tipo de cabello, adaptándome a tus preferencias y necesidades.', 3, 2004, 'Requiero pago en efectivo.',2004,2),
    (2004, 'Cambio de Cerraduras', 'https://drive.google.com/file/d/1ftmCaVfRt9rjjNDHcMJ_1841CjxDzd_I/view', 'Servicios de cerrajería, incluyendo cambio y reparación de cerraduras y sistemas de seguridad para el hogar.', 4, 2005, 'Requiero reparación de electrodomésticos',2005,2),
    (2005, 'Clases de Cocina para Principiantes', 'https://drive.google.com/file/d/1eC4oyVGdQn50vnHXb3e1TATXdflh0yBd/view', 'Imparto clases de cocina para principiantes, cubriendo recetas básicas y técnicas culinarias.', 5, 2006, 'Requiero pago en efectivo.',2006,3),
    (2006, 'Clases de Idioma Inglés', 'https://drive.google.com/file/d/1advTtLrbb10kE0-bwtpauQA91aLFL4yx/view', 'Ofrezco clases de inglés para todos los niveles, desde principiantes hasta avanzados.', 6, 2007, 'Requiero servicios de pintura.',2007,3),
    (2007, 'Diseño de Logos y Branding', 'https://drive.google.com/file/d/1-_aws4iOWTEXavCinkchqKzzKbNHLRmL/view', 'Servicios de diseño gráfico para crear logotipos y branding de alta calidad para tu negocio.', 7, 2008, 'Requiero fotografía.',2008,1),
    (2008, 'Instalación Eléctrica Básica', 'https://drive.google.com/file/d/1VqOPH2T4xwzzGa2MifZMzcLqL_buLqVH/view', 'Realizo instalaciones eléctricas básicas y reparaciones menores en el hogar.', 8, 2009, 'Requiero mantenimiento de computadoras.',2009,1),
    (2009, 'Sesiones de Fotografía Profesional', 'https://drive.google.com/file/d/1qnYk-0CtveLj5_DGL8Bi23GYVEZ-1EYD/view', 'Ofrezco sesiones de fotografía profesional para eventos, retratos y más.', 9, 2010, 'Requiero clases de idioma.',2010,2),
    (2010, 'Fumigación de Espacios', 'https://drive.google.com/file/d/1wcLC9zU7OZje-ylWEkc3LymD3hkXIDap/view', 'Servicios de fumigación para eliminar plagas y mantener tu hogar o negocio libre de insectos.', 10, 2011, 'Requiero limpieza del hogar.',2011,2),
    (2011, 'Instalación de Gas y Mantenimiento', 'https://drive.google.com/file/d/1Lqnew9WC38_Z_8PDnMs0-Qp_6m0z8-79/view', 'Servicios de instalación y mantenimiento de sistemas de gas en el hogar.', 11, 2012, 'Requiero reparación de electrodomésticos.',2012,3),
    (2012, 'Forjado de Metales y Herrería', 'https://drive.google.com/file/d/1lGLgNA1tIsOuPP0hByXq1lwYP8nC45kD/view', 'Servicios de herrería para la fabricación y reparación de estructuras metálicas y elementos decorativos.', 12, 2013, 'Requiero mantenimiento de computadoras.',2013,3),
    (2013, 'Entrenamiento Personal y Ejercicio', 'https://drive.google.com/file/d/1cdfO6DzytlzIsCWMsJORF78x0bipkmNb/view?', 'Ofrezco entrenamiento personalizado para mejorar tu forma física y alcanzar tus metas deportivas.', 13, 2014, 'Requiero servicios de yoga y meditación.',2014,1),
    (2014, 'Diseño y Mantenimiento de Jardines', 'https://drive.google.com/file/d/10FqPuzbQO3XuxcedeHOqsj1IU_lCnkbR/view', 'Servicios de jardinería, incluyendo diseño, plantación y mantenimiento de jardines.', 14, 2015, 'Requiero albañilería.',2015,1),
    (2015, 'Limpieza Profunda de Hogar', 'https://drive.google.com/file/d/1QV5HI80cZ01AVe3HdjOTu_095r-NZUPs/view', 'Ofrezco servicios de limpieza profunda para mantener tu hogar en perfecto estado.', 15, 2016, 'Requiero fumigación.',2016,2),
    (2016, 'Manicura y Pedicuría Profesional', 'https://drive.google.com/file/d/1zApxpbjUiYkh30mr9Qe78IRgUaEQwRLa/view', 'Servicios profesionales de manicura y pedicuría para el cuidado de tus manos y pies.', 16, 2017, 'Requiero servicios de peluquería.',2017,2),
    (2017, 'Mantenimiento y Reparación de Computadoras', 'https://drive.google.com/file/d/1yIpl999xXdVXHDiJxhF3LHtE1e817Qof/view', 'Servicios de mantenimiento y reparación de computadoras, incluyendo virus y problemas de software.', 17, 2018, 'Requiero instalación eléctrica.',2018,3),
    (2018, 'Masajes Relajantes', 'https://drive.google.com/file/d/1QyRlZ2si7L4j5vFlZD3Q1ew1aszR6Hr0/view', 'Ofrezco masajes relajantes para aliviar el estrés y mejorar tu bienestar general.', 18, 2019, 'Requiero servicios de yoga y meditación.',2019,3),
    (2019, 'Reparación de Vehículos', 'https://drive.google.com/file/d/15SMP_p7YS_nouQUtGuKuWSwZj4jCV2aO/view', 'Servicios de reparación y mantenimiento de vehículos, incluyendo cambio de aceite y arreglos mecánicos.', 19, 2020, 'Requiero reparación de electrodomésticos.',2020,1),
    (2020, 'Servicio de Mensajería Rápida', 'https://drive.google.com/file/d/1CFGPGrY1LyzWKhZouTBPGUCAepTf66KN/view', 'Ofrezco servicios de mensajería rápida para entregar paquetes y documentos en el menor tiempo posible.', 20, 2021, 'Requiero redacción de textos.',2021,1),
    (2021, 'Mudanza y Transporte de Muebles', 'https://drive.google.com/file/d/1ZYY4eL1EfeBY3nzkvZXJH8oqtLklSn87/view', 'Servicios de mudanza, incluyendo el transporte de muebles y enseres a tu nuevo hogar.', 21, 2022, 'Requiero limpieza del hogar.',2022,2),
    (2022, 'Cortes y Peinados', 'https://drive.google.com/file/d/1XEt4vktpv8-TnWwUfKDkz_OFK9AHj2pr/view', 'Ofrezco servicios de peluquería, incluyendo cortes de cabello y peinados personalizados.', 22, 2023, 'Requiero manicura y pedicuría.',2023,2),
    (2023, 'Pintura de Interiores y Exteriores', 'https://drive.google.com/file/d/1G8tQwapLD8bVwpgBniF0WzSYMQy9PzNO/view', 'Servicios de pintura para interiores y exteriores, con opciones de colores y acabados personalizados.', 23, 2024, 'Requiero clases de cocina.',2024,3),
    (2024, 'Plomería y Reparaciones en Tuberías', 'https://drive.google.com/file/d/1okM6DcG5yHRaLk0cuqBE_7lzxXDThQM5/view', 'Servicios de plomería para reparar y mantener tuberías y sistemas de agua en el hogar.', 24, 2025, 'Requiero mantenimiento de computadoras.',2025,3),
    (2025, 'Redacción de Contenidos Profesionales', 'https://drive.google.com/file/d/1iTD7w-D9Cqd5glVAKtl-NmNDTwWEoDpe/view', 'Ofrezco servicios de redacción para crear contenido de alta calidad para tu sitio web o publicaciones.', 25, 2026, 'Requiero diseño gráfico.',2026,1),
    (2026, 'Reparación de Electrodomésticos', 'https://drive.google.com/file/d/1QQzy606a1HXdpyuPOlONTzVhM4RDLJ1e/view', 'Servicios para la reparación de electrodomésticos, incluyendo reparaciones de lavadoras, neveras y más.', 26, 2027, 'Requiero mantenimiento de computadoras.',2027,1),
    (2027, 'Clases de Yoga y Meditación', 'https://drive.google.com/file/d/1CIU_t28DJTPTvHQ3ZfAjgisky8BtzQdr/view', 'Ofrezco clases de yoga y meditación para mejorar tu bienestar físico y mental.', 27, 2028, 'Requiero servicios de instructor de deporte.',2028,1),
    (2028, 'Clases de Cocina Avanzada', 'https://drive.google.com/file/d/1f3pKveHcSrpuXycZcD3AC6lNKI2BQcRD/view', 'Imparto clases de cocina avanzada, ideal para quienes ya tienen experiencia y desean mejorar sus habilidades culinarias.', 5, 2029, 'Requiero diseño gráfico.',2029,2);

--Insert requests
INSERT INTO requests (id, date, description, is_confirm, rating, review, service_target_id, user_origin_id) VALUES
    (2002, '2024-09-12', 'Necesito reparación de electrodomésticos en mi casa. ¿Podrías ayudarme con eso?', true, 5, 'El servicio fue excelente, el técnico fue muy profesional y solucionó el problema rápidamente.', 2026, 2002),
    (2003, '2024-09-13', 'Busco clases de cocina avanzada para mejorar mis habilidades. ¿Podrías ayudarme con eso?', true, 4, 'Las clases fueron muy informativas y útiles, aunque me gustaría más variedad de recetas.', 2028, 2003),
    (2004, '2024-09-14', 'Necesito un corte y estilo de cabello. ¿Puedes ofrecerme este servicio?', true, 5, 'Me encantó el estilo, exactamente lo que quería. Muy recomendable.', 2003, 2004),
    (2005, '2024-09-15', 'Requiero cambio de cerraduras en mi casa. ¿Es algo que puedes hacer?', true, 4, 'El servicio fue bueno, pero el tiempo de espera fue un poco largo.', 2004, 2005),
    (2006, '2024-09-16', 'Estoy buscando clases de cocina para principiantes. ¿Puedes ayudarme?', true, 5, 'Las clases fueron perfectas para empezar, bien explicadas y prácticas.', 2005, 2006),
    (2007, '2024-09-17', 'Necesito servicios de diseño gráfico para mi empresa. ¿Podrías ayudarme?', true, 5, 'El diseño fue impresionante, superó mis expectativas.', 2007, 2007),
    (2008, '2024-09-18', 'Busco instalación eléctrica básica. ¿Puedes ofrecerme este servicio?', true, 3, 'El servicio fue aceptable, pero hubo algunos problemas menores con la instalación.', 2008, 2008),
    (2009, '2024-09-19', 'Quiero contratar una sesión de fotografía profesional. ¿Está disponible?', true, 5, 'Las fotos salieron geniales, excelente calidad y profesionalismo.', 2009, 2009),
    (2010, '2024-09-20', 'Necesito fumigación para mi casa. ¿Puedes hacer esto?', true, 4, 'El servicio de fumigación fue efectivo, pero el proceso podría haber sido más rápido.', 2010, 2010),
    (2011, '2024-09-21', 'Busco instalación y mantenimiento de sistemas de gas. ¿Es algo que puedes ofrecer?', true, 5, 'El trabajo fue realizado de manera eficiente y segura. Muy satisfecho.', 2011, 2011),
    (2012, '2024-09-22', 'Requiero servicios de herrería. ¿Puedes ayudarme con la fabricación de una reja?', true, 5, 'La reja quedó excelente y el trabajo fue realizado con gran habilidad.', 2012, 2012),
    (2013, '2024-09-23', 'Estoy buscando entrenamiento personal y ejercicios. ¿Puedes ofrecerme este servicio?', true, 4, 'El entrenamiento fue bastante bueno, aunque creo que el plan podría ser más personalizado.', 2013, 2013),
    (2014, '2024-09-24', 'Necesito servicios de jardinería para mi jardín. ¿Puedes ayudarme?', true, 5, 'El jardín quedó hermoso, el servicio de jardinería fue excelente.', 2014, 2014),
    (2015, '2024-09-25', 'Busco limpieza profunda para mi hogar. ¿Puedes ofrecerme este servicio?', true, 5, 'La limpieza fue exhaustiva y muy bien realizada.', 2015, 2015),
    (2016, '2024-09-26', 'Necesito manicura y pedicuría profesional. ¿Puedes ayudarme?', true, 4, 'El servicio fue bueno, aunque el tiempo de espera fue un poco largo.', 2016, 2016),
    (2017, '2024-09-27', 'Busco mantenimiento y reparación de computadoras. ¿Puedes ofrecerme este servicio?', true, 5, 'La reparación fue rápida y efectiva, el problema se solucionó completamente.', 2017, 2017),
    (2018, '2024-09-28', 'Estoy buscando masajes relajantes. ¿Puedes ayudarme?', true, 5, 'Los masajes fueron fantásticos, muy relajantes y efectivos.', 2018, 2018),
    (2019, '2024-09-29', 'Necesito reparación de vehículos. ¿Puedes ofrecerme este servicio?', true, 4, 'La reparación del vehículo fue buena, aunque hubo algunos retrasos.', 2019, 2019),
    (2020, '2024-09-30', 'Busco servicio de mensajería rápida. ¿Puedes ayudarme con esto?', true, 5, 'El servicio de mensajería fue rápido y eficiente, muy recomendable.', 2020, 2020),
    (2021, '2024-10-01', 'Necesito servicios de mudanza. ¿Puedes ofrecerme este servicio?', true, 5, 'La mudanza fue realizada de manera profesional y sin problemas.', 2021, 2021),
    (2022, '2024-10-02', 'Busco cortes y peinados. ¿Puedes ofrecerme este servicio?', true, 4, 'El corte fue bueno, pero me gustaría más opciones de estilo.', 2022, 2022),
    (2023, '2024-10-03', 'Necesito pintura de interiores y exteriores. ¿Puedes ofrecerme este servicio?', true, 5, 'La pintura quedó excelente, tanto en interiores como en exteriores.', 2023, 2023),
    (2024, '2024-10-04', 'Busco plomería y reparaciones en tuberías. ¿Puedes ayudarme con esto?', true, 5, 'El servicio de plomería fue eficiente y resolvió el problema.', 2024, 2024),
    (2025, '2024-10-05', 'Necesito redacción de contenidos profesionales. ¿Puedes ofrecerme este servicio?', true, 5, 'La redacción fue excelente y cumplió con todos los requisitos.', 2025, 2025),
    (2026, '2024-10-06', 'Busco reparación de electrodomésticos. ¿Puedes ofrecerme este servicio?', true, 4, 'La reparación fue buena, aunque tardó un poco más de lo esperado.', 2026, 2026),
    (2027, '2024-10-07', 'Estoy interesado en clases de yoga y meditación. ¿Puedes ayudarme?', true, 5, 'Las clases de yoga y meditación fueron muy satisfactorias y relajantes.', 2027, 2027),
    (2028, '2024-10-08', 'Necesito clases de cocina avanzada. ¿Puedes ofrecerme este servicio?', true, 4, 'Las clases fueron útiles, pero me gustaría más prácticas.', 2028, 2028),
    (2029, '2024-10-09', 'Busco servicios de diseño gráfico. ¿Puedes ayudarme con esto?', true, 5, 'El diseño gráfico fue de alta calidad y cumplió con todas mis expectativas.', 2027, 2029),
    (2030, '2024-10-10', 'Requiero servicios de jardinería. ¿Puedes ofrecerme este servicio?', true, 5, 'El jardín quedó espectacular, el trabajo fue excelente.', 2014, 2030),
    (2031, '2024-10-11', 'Busco instalación eléctrica básica. ¿Puedes ofrecerme este servicio?', true, 3, 'El servicio fue aceptable, aunque hubo algunos problemas menores.', 2008, 2031),
    (2032, '2024-10-12', 'Necesito un corte y estilo de cabello. ¿Puedes ayudarme?', true, 4, 'El corte fue bueno, aunque el estilista tardó un poco más.', 2003, 2032),
    (2033, '2024-10-13', 'Busco servicios de manicura y pedicuría. ¿Puedes ofrecerme esto?', true, 4, 'La manicura y pedicuría fueron buenas, pero el tiempo de espera fue largo.', 2016, 2033),
    (2034, '2024-10-14', 'Necesito fumigación para mi casa. ¿Puedes ofrecerme este servicio?', true, 4, 'La fumigación fue efectiva, pero el proceso tardó más de lo esperado.', 2010, 2034),
    (2035, '2024-10-15', 'Busco entrenamiento personal y ejercicios. ¿Puedes ofrecerme esto?', true, 4, 'El entrenamiento fue bueno, aunque me gustaría más enfoque en mis necesidades.', 2013, 2035),
    (2036, '2024-10-16', 'Necesito servicios de reparación de computadoras. ¿Puedes ayudarme?', true, 5, 'La reparación fue rápida y eficiente, el problema se solucionó completamente.', 2017, 2036);
